科室,排名,医院名,官网URL
病理科,1,南方医科大学南方医院,https://www.nfyy.com/
病理科,2,中山大学附属第一医院,https://www.gzsums.net/
病理科,3,中山大学肿瘤防治中心,https://www.sysucc.org.cn/
病理科,4,广东省人民医院,https://www.gdghospital.org.cn/
病理科,5,广西医科大学第一附属医院,https://www.gxmuyfy.cn/
病理科,获提名医院,海南医科大学第一附属医院,https://www.hainmc.edu.cn/
病理科,获提名医院,中山大学附属第三医院,https://www.zssy.com.cn/
病理科,获提名医院,北京大学深圳医院,https://www.bddyyy.com.cn/
病理科,获提名医院,深圳市人民医院,https://www.szhospital.com/
病理科,获提名医院,广州医科大学附属第一医院,https://www.gyfyy.com/
病理科,获提名医院,中山大学孙逸仙纪念医院,https://www.syshospital.com/
病理科,获提名医院,深圳市第三人民医院（南方科技大学第二附属医院）,https://www.szdsyy.com/
病理科,获提名医院,南方医科大学珠江医院,https://www.zjyy.com.cn/
传染感染,1,南方医科大学南方医院,https://www.nfyy.com/
传染感染,2,中山大学附属第三医院,https://www.zssy.com.cn/
传染感染,3,广西医科大学第一附属医院,https://www.gxmuyfy.cn/
传染感染,4,深圳市第三人民医院（南方科技大学第二附属医院）,https://www.szdsyy.com/
传染感染,5,广州市第八人民医院,https://www.gz8h.com.cn/
传染感染,获提名医院,海南省人民医院,https://www.phhp.com.cn/
传染感染,获提名医院,广东省人民医院,https://www.gdghospital.org.cn/
传染感染,获提名医院,中山大学附属第一医院,https://www.gzsums.net/
传染感染,获提名医院,广州医科大学附属第一医院,https://www.gyfyy.com/
传染感染,获提名医院,海南医科大学第一附属医院,https://www.hainmc.edu.cn/
传染感染,获提名医院,中山大学孙逸仙纪念医院,https://www.syshospital.com/
耳鼻喉科,1,中山大学附属第一医院,https://www.gzsums.net/
耳鼻喉科,2,中山大学孙逸仙纪念医院,https://www.syshospital.com/
耳鼻喉科,3,广西医科大学第一附属医院,https://www.gxmuyfy.cn/
耳鼻喉科,4,中山大学附属第三医院,https://www.zssy.com.cn/
耳鼻喉科,5,广东省人民医院,https://www.gdghospital.org.cn/
耳鼻喉科,获提名医院,海南省人民医院,https://www.phhp.com.cn/
耳鼻喉科,获提名医院,南方医科大学南方医院,https://www.nfyy.com/
耳鼻喉科,获提名医院,广西壮族自治区人民医院,https://www.gxhospital.com/
耳鼻喉科,获提名医院,南方医科大学珠江医院,https://www.zjyy.com.cn/
耳鼻喉科,获提名医院,广西医科大学第二附属医院,https://www.gxmuyfy.cn/
耳鼻喉科,获提名医院,广州医科大学附属第一医院,https://www.gyfyy.com/
耳鼻喉科,获提名医院,中山大学肿瘤防治中心,https://www.sysucc.org.cn/
耳鼻喉科,获提名医院,佛山市第一人民医院,https://www.fsyyy.com/
耳鼻喉科,获提名医院,海南医科大学第一附属医院,https://www.hainmc.edu.cn/
耳鼻喉科,获提名医院,深圳市人民医院,https://www.szhospital.com/
耳鼻喉科,获提名医院,深圳市第二人民医院（深圳大学第一附属医院）,https://www.szrch.com/
放射科,1,广东省人民医院,https://www.gdghospital.org.cn/
放射科,2,中山大学附属第一医院,https://www.gzsums.net/
放射科,3,广西医科大学第一附属医院,https://www.gxmuyfy.cn/
放射科,4,海南省人民医院,https://www.phhp.com.cn/
放射科,5,南方医科大学南方医院,https://www.nfyy.com/
放射科,获提名医院,中山大学孙逸仙纪念医院,https://www.syshospital.com/
放射科,获提名医院,中山大学肿瘤防治中心,https://www.sysucc.org.cn/
放射科,获提名医院,中山大学附属第三医院,https://www.zssy.com.cn/
放射科,获提名医院,暨南大学附属第一医院（广州华侨医院）,https://www.jd120.com/
放射科,获提名医院,广州市第一人民医院,https://www.gzhospital.cn/
放射科,获提名医院,广州医科大学附属第一医院,https://www.gyfyy.com/
放射科,获提名医院,中山大学附属第五医院,https://www.sysu5h.com/
放射科,获提名医院,海南医科大学第一附属医院,https://www.hainmc.edu.cn/
呼吸科,1,广州医科大学附属第一医院,https://www.gyfyy.com/
呼吸科,2,中山大学附属第一医院,https://www.gzsums.net/
呼吸科,3,南方医科大学南方医院,https://www.nfyy.com/
呼吸科,4,广西医科大学第一附属医院,https://www.gxmuyfy.cn/
呼吸科,5,广东省人民医院,https://www.gdghospital.org.cn/
呼吸科,获提名医院,深圳市人民医院,https://www.szhospital.com/
呼吸科,获提名医院,中山大学附属第三医院,https://www.zssy.com.cn/
呼吸科,获提名医院,中山大学孙逸仙纪念医院,https://www.syshospital.com/
呼吸科,获提名医院,海南省人民医院,https://www.phhp.com.cn/
呼吸科,获提名医院,海南医科大学第一附属医院,https://www.hainmc.edu.cn/
呼吸科,获提名医院,广西医科大学第二附属医院,https://www.gxmuyfy.cn/
呼吸科,获提名医院,广西壮族自治区人民医院,https://www.gxhospital.com/
呼吸科,获提名医院,广州市第一人民医院,https://www.gzhospital.cn/
风湿病,1,中山大学附属第三医院,https://www.zssy.com.cn/
风湿病,2,中山大学附属第一医院,https://www.gzsums.net/
风湿病,3,中山大学孙逸仙纪念医院,https://www.syshospital.com/
风湿病,4,广东省人民医院,https://www.gdghospital.org.cn/
风湿病,5,广西医科大学第一附属医院,https://www.gxmuyfy.cn/
风湿病,获提名医院,南方医科大学南方医院,https://www.nfyy.com/
风湿病,获提名医院,深圳市人民医院,https://www.szhospital.com/
风湿病,获提名医院,海南省人民医院,
风湿病,获提名医院,广州医科大学附属第二医院,
风湿病,获提名医院,南方医科大学珠江医院,https://www.zjyy.com.cn/
风湿病,获提名医院,广西壮族自治区人民医院,
风湿病,获提名医院,广州市第一人民医院,
风湿病,获提名医院,广州医科大学附属第一医院,https://www.gyfyy.com/
风湿病,获提名医院,中山大学附属第六医院,
妇产科,1,中山大学附属第一医院,
妇产科,2,中山大学孙逸仙纪念医院,
妇产科,3,南方医科大学南方医院,https://www.nfyy.com/
妇产科,4,广西医科大学第一附属医院,https://www.gxmuyfy.cn/
妇产科,5,海南省人民医院,
妇产科,获提名医院,广州医科大学附属第三医院,https://www.gy3h.com/
妇产科,获提名医院,海南医科大学第一附属医院,
妇产科,获提名医院,中山大学肿瘤防治中心,
妇产科,获提名医院,广州市妇女儿童医疗中心,
妇产科,获提名医院,广西壮族自治区人民医院,
妇产科,获提名医院,广东省人民医院,https://www.gdghospital.org.cn/
妇产科,获提名医院,南方医科大学珠江医院,https://www.zjyy.com.cn/
妇产科,获提名医院,北京大学深圳医院,
妇产科,获提名医院,广西医科大学附属肿瘤医院,
妇产科,获提名医院,广州医科大学附属第一医院,https://www.gyfyy.com/
妇产科,获提名医院,深圳市妇幼保健院,
妇产科,获提名医院,广东省妇幼保健院,
骨科,1,南方医科大学南方医院,https://www.nfyy.com/
骨科,2,中山大学附属第一医院,
骨科,3,中山大学孙逸仙纪念医院,
骨科,4,广西医科大学第一附属医院,https://www.gxmuyfy.cn/
骨科,5,广东省人民医院,https://www.gdghospital.org.cn/
骨科,获提名医院,中山大学附属第三医院,https://www.zssy.com.cn/
骨科,获提名医院,中国人民解放军南部战区总医院,
骨科,获提名医院,海南省人民医院,
骨科,获提名医院,南方医科大学第三附属医院,
骨科,获提名医院,深圳市第二人民医院（深圳大学第一附属医院）,
骨科,获提名医院,海南医科大学第一附属医院,
骨科,获提名医院,广州医科大学附属第一医院,https://www.gyfyy.com/
骨科,获提名医院,广东省中医院,https://www.gzhtcm.com/
骨科,获提名医院,广州中医药大学第一附属医院,https://www.gzucm.edu.cn/
骨科,获提名医院,暨南大学附属第一医院（广州华侨医院）,https://www.jd120.com/
骨科,获提名医院,广西壮族自治区人民医院,
骨科,获提名医院,南方医科大学珠江医院,https://www.zjyy.com.cn/
骨科,获提名医院,香港大学深圳医院 ,
精神医学,1,广州医科大学附属脑科医院,
精神医学,2,深圳市精神卫生中心(深圳市康宁医院),
精神医学,3,广东省人民医院,https://www.gdghospital.org.cn/
精神医学,4,广西壮族自治区脑科医院,https://www.gxnkyy.com/
精神医学,5,海南省安宁医院,
精神医学,获提名医院,中山大学附属第三医院,https://www.zssy.com.cn/
精神医学,获提名医院,暨南大学附属第一医院（广州华侨医院）,https://www.jd120.com/
精神医学,获提名医院,汕头大学精神卫生中心,
精神医学,获提名医院,南宁市第五人民医院,
精神医学,获提名医院,南方医科大学南方医院,https://www.nfyy.com/
精神医学,获提名医院,广西医科大学第一附属医院,https://www.gxmuyfy.cn/
精神医学,获提名医院,中山大学附属第一医院,
精神医学,获提名医院,海南医科大学第一附属医院,
口腔科,1,中山大学光华口腔医学院附属口腔医院,
口腔科,2,南方医科大学口腔医院,
口腔科,3,广西医科大学附属口腔医院,
口腔科,4,广州医科大学附属口腔医院,
口腔科,5,南方医科大学南方医院,https://www.nfyy.com/
口腔科,获提名医院,暨南大学附属穗华口腔医院,
口腔科,获提名医院,海南口腔医院,
口腔科,获提名医院,海南医科大学第一附属医院,
口腔科,获提名医院,中山大学孙逸仙纪念医院,
口腔科,获提名医院,北京大学深圳医院,
口腔科,获提名医院,海南省人民医院,
口腔科,获提名医院,桂林市口腔医院,
口腔科,获提名医院,深圳市口腔医院,
口腔科,获提名医院,深圳市人民医院,https://www.szhospital.com/
口腔科,获提名医院,广西医科大学第二附属医院,https://www.gxmuyfy.cn/
口腔科,获提名医院,深圳大学总医院,
麻醉科,1,南方医科大学南方医院,https://www.nfyy.com/
麻醉科,2,中山大学附属第一医院,
麻醉科,3,广西医科大学第一附属医院,https://www.gxmuyfy.cn/
麻醉科,4,中山大学附属第三医院,https://www.zssy.com.cn/
麻醉科,5,广东省人民医院,https://www.gdghospital.org.cn/
麻醉科,获提名医院,中山大学孙逸仙纪念医院,
麻醉科,获提名医院,南方医科大学珠江医院,https://www.zjyy.com.cn/
麻醉科,获提名医院,海南省人民医院,
麻醉科,获提名医院,广州医科大学附属第一医院,https://www.gyfyy.com/
麻醉科,获提名医院,广州市妇女儿童医疗中心,
麻醉科,获提名医院,佛山市第一人民医院,https://www.fsyyy.com/
麻醉科,获提名医院,海南医科大学第一附属医院,
麻醉科,获提名医院,深圳大学总医院,
麻醉科,获提名医院,中国人民解放军南部战区总医院,
麻醉科,获提名医院,广州医科大学附属第二医院,
麻醉科,获提名医院,海口市人民医院,https://www.hkrmyy.com/
麻醉科,获提名医院,广西医科大学附属肿瘤医院,
麻醉科,获提名医院,中山大学肿瘤防治中心,
泌尿外科,1,中山大学孙逸仙纪念医院,
泌尿外科,2,中山大学附属第一医院,
泌尿外科,3,广州医科大学附属第一医院,https://www.gyfyy.com/
泌尿外科,4,广西医科大学第一附属医院,https://www.gxmuyfy.cn/
泌尿外科,5,中山大学附属第三医院,https://www.zssy.com.cn/
泌尿外科,获提名医院,南方医科大学南方医院,https://www.nfyy.com/
泌尿外科,获提名医院,中山大学肿瘤防治中心,
泌尿外科,获提名医院,南方医科大学珠江医院,https://www.zjyy.com.cn/
泌尿外科,获提名医院,广东省人民医院,https://www.gdghospital.org.cn/
泌尿外科,获提名医院,海南省人民医院,
泌尿外科,获提名医院,海口市人民医院,https://www.hkrmyy.com/
泌尿外科,获提名医院,深圳市第二人民医院（深圳大学第一附属医院）,
内分泌,1,中山大学附属第一医院,
内分泌,2,中山大学孙逸仙纪念医院,
内分泌,3,南方医科大学南方医院,https://www.nfyy.com/
内分泌,4,广西医科大学第一附属医院,https://www.gxmuyfy.cn/
内分泌,5,中山大学附属第三医院,https://www.zssy.com.cn/
内分泌,获提名医院,南方医科大学珠江医院,https://www.zjyy.com.cn/
内分泌,获提名医院,广东省人民医院,https://www.gdghospital.org.cn/
内分泌,获提名医院,海南省人民医院,
内分泌,获提名医院,深圳大学总医院,
内分泌,获提名医院,广西医科大学第二附属医院,https://www.gxmuyfy.cn/
内分泌,获提名医院,北京大学深圳医院,
内分泌,获提名医院,深圳市第二人民医院（深圳大学第一附属医院）,
皮肤科,1,南方医科大学皮肤病医院（广东省皮肤病医院）,
皮肤科,2,中山大学附属第三医院,https://www.zssy.com.cn/
皮肤科,3,中山大学孙逸仙纪念医院,
皮肤科,4,广西医科大学第一附属医院,https://www.gxmuyfy.cn/
皮肤科,5,南方医科大学南方医院,https://www.nfyy.com/
皮肤科,获提名医院,中山大学附属第一医院,
皮肤科,获提名医院,海南省皮肤病医院,
皮肤科,获提名医院,广州市皮肤病防治所,
皮肤科,获提名医院,广东省人民医院,https://www.gdghospital.org.cn/
皮肤科,获提名医院,海南省第五人民医院,
皮肤科,获提名医院,北京大学深圳医院,
皮肤科,获提名医院,海南省人民医院,
皮肤科,获提名医院,广东省中医院,https://www.gzhtcm.com/
皮肤科,获提名医院,广东医科大学附属医院,
普通外科,1,中山大学附属第一医院,
普通外科,2,中山大学孙逸仙纪念医院,
普通外科,3,南方医科大学南方医院,https://www.nfyy.com/
普通外科,4,广西医科大学第一附属医院,https://www.gxmuyfy.cn/
普通外科,5,广东省人民医院,https://www.gdghospital.org.cn/
普通外科,获提名医院,中山大学附属第三医院,https://www.zssy.com.cn/
普通外科,获提名医院,中山大学肿瘤防治中心,
普通外科,获提名医院,中山大学附属第六医院,
普通外科,获提名医院,海南省人民医院,
普通外科,获提名医院,南方医科大学珠江医院,https://www.zjyy.com.cn/
普通外科,获提名医院,广州医科大学附属第一医院,https://www.gyfyy.com/
普通外科,获提名医院,北京大学深圳医院,
普通外科,获提名医院,海口市人民医院,https://www.hkrmyy.com/
普通外科,获提名医院,海南医科大学第一附属医院,
神经内科,1,中山大学附属第一医院,
神经内科,2,中山大学附属第三医院,https://www.zssy.com.cn/
神经内科,3,广东省人民医院,https://www.gdghospital.org.cn/
神经内科,4,南方医科大学南方医院,https://www.nfyy.com/
神经内科,5,广西医科大学第一附属医院,https://www.gxmuyfy.cn/
神经内科,获提名医院,中山大学孙逸仙纪念医院,
神经内科,获提名医院,暨南大学附属第一医院（广州华侨医院）,https://www.jd120.com/
神经内科,获提名医院,广州医科大学附属第二医院,
神经内科,获提名医院,海南省人民医院,
神经内科,获提名医院,海南医科大学第一附属医院,
神经内科,获提名医院,广州医科大学附属第一医院,https://www.gyfyy.com/
神经内科,获提名医院,南方医科大学珠江医院,https://www.zjyy.com.cn/
神经内科,获提名医院,广西医科大学第二附属医院,https://www.gxmuyfy.cn/
神经内科,获提名医院,广西壮族自治区人民医院,
神经内科,获提名医院,中国人民解放军总医院海南医院,
肾脏病,1,南方医科大学南方医院,https://www.nfyy.com/
肾脏病,2,中山大学附属第一医院,
肾脏病,3,广东省人民医院,https://www.gdghospital.org.cn/
肾脏病,4,广西医科大学第一附属医院,https://www.gxmuyfy.cn/
肾脏病,5,中山大学孙逸仙纪念医院,
肾脏病,获提名医院,中山大学附属第三医院,https://www.zssy.com.cn/
肾脏病,获提名医院,海南省人民医院,
肾脏病,获提名医院,广州市红十字会医院,https://www.gzrch.com/
肾脏病,获提名医院,海南医科大学第一附属医院,
肾脏病,获提名医院,广西壮族自治区人民医院,
肾脏病,获提名医院,海南医科大学第二附属医院,
肾脏病,获提名医院,广州市第一人民医院,
肾脏病,获提名医院,广东医科大学附属医院,
肾脏病,获提名医院,北京大学深圳医院,
肾脏病,获提名医院,深圳市人民医院,https://www.szhospital.com/
神经外科,1,南方医科大学南方医院,https://www.nfyy.com/
神经外科,2,中山大学附属第一医院,
神经外科,3,广西医科大学第一附属医院,https://www.gxmuyfy.cn/
神经外科,4,南方医科大学珠江医院,https://www.zjyy.com.cn/
神经外科,5,海南省人民医院,
神经外科,获提名医院,广东省人民医院,https://www.gdghospital.org.cn/
神经外科,获提名医院,广州医科大学附属第二医院,
神经外科,获提名医院,中国人民解放军南部战区总医院,
神经外科,获提名医院,海南医科大学第一附属医院,
神经外科,获提名医院,深圳市第二人民医院（深圳大学第一附属医院）,
神经外科,获提名医院,广西壮族自治区人民医院,
神经外科,获提名医院,中山大学孙逸仙纪念医院,
神经外科,获提名医院,广东三九脑科医院,
神经外科,获提名医院,深圳市人民医院,https://www.szhospital.com/
神经外科,获提名医院,中山大学附属第三医院,https://www.zssy.com.cn/
消化病,1,中山大学附属第一医院,
消化病,2,南方医科大学南方医院,https://www.nfyy.com/
消化病,3,广西医科大学第一附属医院,https://www.gxmuyfy.cn/
消化病,4,广东省人民医院,https://www.gdghospital.org.cn/
消化病,5,中山大学孙逸仙纪念医院,
消化病,获提名医院,海南省人民医院,
消化病,获提名医院,南方医科大学深圳医院,
消化病,获提名医院,中山大学附属第三医院,https://www.zssy.com.cn/
消化病,获提名医院,中山大学附属第六医院,
消化病,获提名医院,海南医科大学第二附属医院,
消化病,获提名医院,深圳市人民医院,https://www.szhospital.com/
消化病,获提名医院,海南医科大学第一附属医院,
消化病,获提名医院,广州市第一人民医院,
消化病,获提名医院,广州医科大学附属第一医院,https://www.gyfyy.com/
消化病,获提名医院,南方医科大学珠江医院,https://www.zjyy.com.cn/
消化病,获提名医院,北京大学深圳医院,
消化病,获提名医院,广西壮族自治区人民医院,
小儿内科,1,广州市妇女儿童医疗中心,
小儿内科,2,深圳市儿童医院,
小儿内科,3,中山大学附属第一医院,
小儿内科,4,广西医科大学第一附属医院,https://www.gxmuyfy.cn/
小儿内科,5,海南省妇女儿童医学中心,
小儿内科,获提名医院,广东省人民医院,https://www.gdghospital.org.cn/
小儿内科,获提名医院,南方医科大学南方医院,https://www.nfyy.com/
小儿内科,获提名医院,广东省妇幼保健院,
小儿内科,获提名医院,中山大学孙逸仙纪念医院,
小儿内科,获提名医院,海南省人民医院,
小儿内科,获提名医院,南方医科大学珠江医院,https://www.zjyy.com.cn/
小儿内科,获提名医院,海南医科大学第一附属医院,
小儿内科,获提名医院,深圳市妇幼保健院,
小儿内科,获提名医院,广西壮族自治区妇幼保健院,
小儿内科,获提名医院,广西医科大学第二附属医院,https://www.gxmuyfy.cn/
小儿内科,获提名医院,广州医科大学附属第一医院,https://www.gyfyy.com/
小儿外科,1,广州市妇女儿童医疗中心,
小儿外科,2,深圳市儿童医院,
小儿外科,3,广西医科大学第一附属医院,https://www.gxmuyfy.cn/
小儿外科,4,中山大学附属第一医院,
小儿外科,5,海南省妇女儿童医学中心,
小儿外科,获提名医院,广东省妇幼保健院,
小儿外科,获提名医院,中山大学孙逸仙纪念医院,
小儿外科,获提名医院,广西医科大学第二附属医院,https://www.gxmuyfy.cn/
小儿外科,获提名医院,广西壮族自治区妇幼保健院,
小儿外科,获提名医院,海南省人民医院,
心血管,1,广东省人民医院,https://www.gdghospital.org.cn/
心血管,2,中山大学附属第一医院,
心血管,3,南方医科大学南方医院,https://www.nfyy.com/
心血管,4,广西医科大学第一附属医院,https://www.gxmuyfy.cn/
心血管,5,中山大学孙逸仙纪念医院,
心血管,获提名医院,海南省人民医院,
心血管,获提名医院,南方医科大学珠江医院,https://www.zjyy.com.cn/
心血管,获提名医院,中国医学科学院阜外医院深圳医院,
心血管,获提名医院,中国人民解放军南部战区总医院,
心血管,获提名医院,海南医科大学第一附属医院,
心血管,获提名医院,深圳市人民医院,https://www.szhospital.com/
心血管,获提名医院,广州医科大学附属第一医院,https://www.gyfyy.com/
心血管,获提名医院,广西壮族自治区人民医院,
心血管,获提名医院,中山大学附属第三医院,https://www.zssy.com.cn/
心外科,1,广东省人民医院,https://www.gdghospital.org.cn/
心外科,2,中山大学附属第一医院,
心外科,3,广西医科大学第一附属医院,https://www.gxmuyfy.cn/
心外科,4,中国人民解放军南部战区总医院,
心外科,5,中国医学科学院阜外医院深圳医院,
心外科,获提名医院,南方医科大学南方医院,https://www.nfyy.com/
心外科,获提名医院,广州市妇女儿童医疗中心,
心外科,获提名医院,中山大学孙逸仙纪念医院,
心外科,获提名医院,广西壮族自治区人民医院,
心外科,获提名医院,高州市人民医院,
心外科,获提名医院,海南省人民医院,
心外科,获提名医院,广州医科大学附属第一医院,https://www.gyfyy.com/
心外科,获提名医院,深圳市人民医院,https://www.szhospital.com/
心外科,获提名医院,广东省妇幼保健院,
心外科,获提名医院,广州市第一人民医院,
胸外科,1,广州医科大学附属第一医院,https://www.gyfyy.com/
胸外科,2,中山大学肿瘤防治中心,
胸外科,3,广东省人民医院,https://www.gdghospital.org.cn/
胸外科,4,南方医科大学南方医院,
胸外科,5,广西医科大学第一附属医院,https://www.gxmuyfy.cn/
胸外科,获提名医院,中山大学附属第一医院,
胸外科,获提名医院,海南省人民医院,
胸外科,获提名医院,中国医学科学院肿瘤医院深圳医院,https://www.cicams.ac.cn/
血液学,1,南方医科大学南方医院,
血液学,2,中山大学附属第一医院,
血液学,3,广西医科大学第一附属医院,https://www.gxmuyfy.cn/
血液学,4,广东省人民医院,https://www.gdghospital.org.cn/
血液学,5,海南省人民医院,
血液学,获提名医院,南方医科大学珠江医院,https://www.zjyy.com.cn/
血液学,获提名医院,中山大学肿瘤防治中心,
血液学,获提名医院,广州市第一人民医院,
血液学,获提名医院,暨南大学附属第一医院（广州华侨医院）,https://www.jd120.com/
血液学,获提名医院,深圳市人民医院,https://www.szhospital.com/
血液学,获提名医院,广州医科大学附属第一医院,https://www.gyfyy.com/
血液学,获提名医院,深圳大学总医院,
血液学,获提名医院,中山大学附属第七医院,
血液学,获提名医院,中山大学孙逸仙纪念医院,
血液学,获提名医院,海南医科大学第一附属医院,
血液学,获提名医院,深圳市第二人民医院（深圳大学第一附属医院）,
眼科,1,中山大学中山眼科中心,https://www.gzzoc.com/
眼科,2,汕头大学·香港中文大学联合汕头国际眼科中心,https://www.jsiec.org/
眼科,3,深圳市眼科医院,https://www.szeye.cn/
眼科,4,广东省人民医院,https://www.gdghospital.org.cn/
眼科,5,广西医科大学第一附属医院,https://www.gxmuyfy.cn/
眼科,获提名医院,中山大学中山眼科中心海南眼科医院,
眼科,获提名医院,广西壮族自治区人民医院,
眼科,获提名医院,海南省人民医院,
眼科,获提名医院,海南医科大学第一附属医院,
眼科,获提名医院,暨南大学附属第一医院（广州华侨医院）,https://www.jd120.com/
眼科,获提名医院,南方医科大学珠江医院,https://www.zjyy.com.cn/
眼科,获提名医院,广州医科大学附属第二医院,
整形外科,1,南方医科大学南方医院,https://www.nfyy.com/
整形外科,2,广西医科大学第一附属医院,https://www.gxmuyfy.cn/
整形外科,3,海南省人民医院,
整形外科,4,中山大学孙逸仙纪念医院,
整形外科,5,中国人民解放军南部战区总医院,
整形外科,获提名医院,中山大学附属第一医院,
整形外科,获提名医院,南方医科大学珠江医院,https://www.zjyy.com.cn/
整形外科,获提名医院,汕头大学医学院第二附属医院,
整形外科,获提名医院,广东省第二人民医院（广东省应急医院）,
整形外科,获提名医院,暨南大学附属第一医院（广州华侨医院）,https://www.jd120.com/
整形外科,获提名医院,广东省人民医院,https://www.gdghospital.org.cn/
整形外科,获提名医院,海南医科大学第一附属医院,
整形外科,获提名医院,广州医科大学附属第一医院,https://www.gyfyy.com/
整形外科,获提名医院,汕头大学医学院第一附属医院,https://www.sthospital.com/
整形外科,获提名医院,北京大学深圳医院,
整形外科,获提名医院,广东医科大学附属医院,
肿瘤学,1,中山大学肿瘤防治中心,
肿瘤学,2,广东省人民医院,https://www.gdghospital.org.cn/
肿瘤学,3,广西医科大学附属肿瘤医院,
肿瘤学,4,南方医科大学南方医院,https://www.nfyy.com/
肿瘤学,5,中山大学附属第一医院,
肿瘤学,获提名医院,广西医科大学第一附属医院,https://www.gxmuyfy.cn/
肿瘤学,获提名医院,海南省肿瘤医院,https://www.hnszlyy.com/
肿瘤学,获提名医院,中国医学科学院肿瘤医院深圳医院,https://www.cicams.ac.cn/
肿瘤学,获提名医院,广州医科大学附属肿瘤医院,
肿瘤学,获提名医院,中山大学孙逸仙纪念医院,
肿瘤学,获提名医院,海南省人民医院,
肿瘤学,获提名医院,中山大学附属第六医院,
肿瘤学,获提名医院,广州医科大学附属第一医院,https://www.gyfyy.com/
肿瘤学,获提名医院,南方医科大学珠江医院,https://www.zjyy.com.cn/
老年医学,1,广东省人民医院,https://www.gdghospital.org.cn/
老年医学,2,中山大学附属第一医院,
老年医学,3,广西医科大学第一附属医院,https://www.gxmuyfy.cn/
老年医学,4,广州市第一人民医院,
老年医学,5,海南省人民医院,
老年医学,获提名医院,中国人民解放军南部战区总医院,
老年医学,获提名医院,南方医科大学南方医院,
老年医学,获提名医院,深圳市人民医院,https://www.szhospital.com/
老年医学,获提名医院,广州医科大学附属第一医院,https://www.gyfyy.com/
老年医学,获提名医院,广西壮族自治区人民医院,
康复医学,1,中山大学附属第三医院,https://www.zssy.com.cn/
康复医学,2,南方医科大学珠江医院,https://www.zjyy.com.cn/
康复医学,3,中山大学附属第一医院,
康复医学,4,中山大学孙逸仙纪念医院,
康复医学,5,广西医科大学第一附属医院,https://www.gxmuyfy.cn/
康复医学,获提名医院,广东省人民医院,https://www.gdghospital.org.cn/
康复医学,获提名医院,海口市人民医院,https://www.hkrmyy.com/
康复医学,获提名医院,南方医科大学南方医院,https://www.nfyy.com/
康复医学,获提名医院,暨南大学附属第一医院（广州华侨医院）,https://www.jd120.com/
康复医学,获提名医院,深圳市第二人民医院（深圳大学第一附属医院）,
康复医学,获提名医院,广西壮族自治区江滨医院暨广西壮族自治区第三人民医院,
康复医学,获提名医院,海南省人民医院,
康复医学,获提名医院,广西壮族自治区人民医院,
康复医学,获提名医院,南方医科大学深圳医院,
康复医学,获提名医院,广州医科大学附属第二医院,
康复医学,获提名医院,广东省工伤康复中心,
康复医学,获提名医院,海南医科大学第二附属医院,
康复医学,获提名医院,海南医科大学第一附属医院,
康复医学,获提名医院,南方医科大学第三附属医院,
康复医学,获提名医院,中山大学附属第六医院,
检验医学,1,南方医科大学南方医院,https://www.nfyy.com/
检验医学,2,南方医科大学珠江医院,https://www.zjyy.com.cn/
检验医学,3,广西医科大学第一附属医院,https://www.gxmuyfy.cn/
检验医学,4,中山大学附属第一医院,
检验医学,5,广东省中医院,https://www.gzhtcm.com/
检验医学,获提名医院,广东省人民医院,https://www.gdghospital.org.cn/
检验医学,获提名医院,海南省人民医院,
检验医学,获提名医院,南方医科大学深圳医院,
检验医学,获提名医院,广州医科大学附属第一医院,https://www.gyfyy.com/
检验医学,获提名医院,中山大学孙逸仙纪念医院,
检验医学,获提名医院,北京大学深圳医院,
检验医学,获提名医院,广西壮族自治区人民医院,
检验医学,获提名医院,中国人民解放军总医院海南医院,
检验医学,获提名医院,中山大学肿瘤防治中心,
检验医学,获提名医院,深圳市人民医院,https://www.szhospital.com/
检验医学,获提名医院,中山大学附属第六医院,
检验医学,获提名医院,中山大学附属第三医院,https://www.zssy.com.cn/
烧伤科,1,中山大学附属第一医院,
烧伤科,2,广州市红十字会医院,https://www.gzrch.com/
烧伤科,3,深圳市第二人民医院（深圳大学第一附属医院）,
烧伤科,4,广东省人民医院,https://www.gdghospital.org.cn/
烧伤科,5,广西医科大学第一附属医院,https://www.gxmuyfy.cn/
烧伤科,获提名医院,海南省人民医院,
烧伤科,获提名医院,南方医科大学南方医院,https://www.nfyy.com/
烧伤科,获提名医院,中国人民解放军联勤保障部队第924医院,https://www.924yy.com/
烧伤科,获提名医院,南方医科大学深圳医院,
核医学,1,暨南大学附属第一医院（广州华侨医院）,https://www.jd120.com/
核医学,2,南方医科大学南方医院,https://www.nfyy.com/
核医学,3,中山大学附属第一医院,
核医学,4,南方医科大学珠江医院,https://www.zjyy.com.cn/
核医学,5,广西医科大学第一附属医院,https://www.gxmuyfy.cn/
核医学,获提名医院,中山大学肿瘤防治中心,
核医学,获提名医院,广州医科大学附属第一医院,https://www.gyfyy.com/
核医学,获提名医院,佛山市第一人民医院,https://www.fsyyy.com/
核医学,获提名医院,中山大学附属第三医院,https://www.zssy.com.cn/
核医学,获提名医院,北京大学深圳医院,
核医学,获提名医院,广东省人民医院,https://www.gdghospital.org.cn/
核医学,获提名医院,中国人民解放军总医院海南医院,
核医学,获提名医院,桂林医学院附属医院,https://www.glmc.edu.cn/
核医学,获提名医院,中山大学孙逸仙纪念医院,
核医学,获提名医院,海南省人民医院,
核医学,获提名医院,海南医科大学第一附属医院,
核医学,获提名医院,中国人民解放军南部战区总医院,
超声医学,1,中山大学附属第一医院,
超声医学,2,中山大学孙逸仙纪念医院,
超声医学,3,中山大学附属第三医院,https://www.zssy.com.cn/
超声医学,4,广西医科大学第一附属医院,https://www.gxmuyfy.cn/
超声医学,5,中山大学肿瘤防治中心,
超声医学,获提名医院,南方医科大学南方医院,https://www.nfyy.com/
超声医学,获提名医院,广东省人民医院,https://www.gdghospital.org.cn/
超声医学,获提名医院,深圳市人民医院,https://www.szhospital.com/
超声医学,获提名医院,海南省人民医院,
超声医学,获提名医院,北京大学深圳医院,
超声医学,获提名医院,海南医科大学第一附属医院,
超声医学,获提名医院,深圳市第二人民医院（深圳大学第一附属医院）,
超声医学,获提名医院,广州医科大学附属第一医院,https://www.gyfyy.com/
急诊医学,1,广东省人民医院,https://www.gdghospital.org.cn/
急诊医学,2,中山大学孙逸仙纪念医院,
急诊医学,3,中山大学附属第一医院,
急诊医学,4,广西医科大学第一附属医院,https://www.gxmuyfy.cn/
急诊医学,5,广西医科大学第二附属医院,https://www.gxmuyfy.cn/
急诊医学,获提名医院,海南医科大学第一附属医院,
急诊医学,获提名医院,广州医科大学附属第二医院,
急诊医学,获提名医院,海南省人民医院,
急诊医学,获提名医院,南方医科大学南方医院,https://www.nfyy.com/
急诊医学,获提名医院,南方医科大学珠江医院,https://www.zjyy.com.cn/
急诊医学,获提名医院,湛江中心人民医院,
急诊医学,获提名医院,深圳市宝安人民医院,
急诊医学,获提名医院,中山大学附属第三医院,https://www.zssy.com.cn/
急诊医学,获提名医院,广州医科大学附属第一医院,https://www.gyfyy.com/
急诊医学,获提名医院,海南省万宁市人民医院,https://www.wnrmyy.com/
急诊医学,获提名医院,广东省中医院,https://www.gzhtcm.com/
急诊医学,获提名医院,中国人民解放军南部战区总医院,
重症医学,1,中山大学附属第一医院,
重症医学,2,广州医科大学附属第一医院,https://www.gyfyy.com/
重症医学,3,广东省人民医院,https://www.gdghospital.org.cn/
重症医学,4,广西医科大学第一附属医院,https://www.gxmuyfy.cn/
重症医学,5,海南省人民医院,
重症医学,获提名医院,广西壮族自治区人民医院,
重症医学,获提名医院,南方医科大学南方医院,https://www.nfyy.com/
重症医学,获提名医院,海南医科大学第一附属医院,
重症医学,获提名医院,暨南大学附属第一医院（广州华侨医院）,https://www.jd120.com/
重症医学,获提名医院,海口市人民医院,https://www.hkrmyy.com/
重症医学,获提名医院,南方医科大学珠江医院,https://www.zjyy.com.cn/
重症医学,获提名医院,海南医科大学第二附属医院,
重症医学,获提名医院,中国人民解放军南部战区总医院,
重症医学,获提名医院,中山大学附属第三医院,https://www.zssy.com.cn/
重症医学,获提名医院,深圳市人民医院,https://www.szhospital.com/
重症医学,获提名医院,中山大学孙逸仙纪念医院,
临床药学,1,中山大学附属第一医院,
临床药学,2,广东省人民医院,https://www.gdghospital.org.cn/
临床药学,3,南方医科大学南方医院,https://www.nfyy.com/
临床药学,4,广西医科大学第一附属医院,https://www.gxmuyfy.cn/
临床药学,5,广西壮族自治区人民医院,
临床药学,获提名医院,中山大学孙逸仙纪念医院,
临床药学,获提名医院,海南省人民医院,
临床药学,获提名医院,海南医科大学第一附属医院,
临床药学,获提名医院,广州医科大学附属第一医院,https://www.gyfyy.com/
临床药学,获提名医院,中山大学肿瘤防治中心,
临床药学,获提名医院,南方医科大学第三附属医院,
临床药学,获提名医院,深圳市人民医院,https://www.szhospital.com/
临床药学,获提名医院,中国人民解放军南部战区总医院,
生殖医学,1,中山大学附属第一医院,
生殖医学,2,南方医科大学南方医院,https://www.nfyy.com/
生殖医学,3,中山大学附属第六医院,
生殖医学,4,海南医科大学第一附属医院,
生殖医学,5,广州医科大学附属第三医院,https://www.gy3h.com/
生殖医学,获提名医院,广西医科大学第一附属医院,https://www.gxmuyfy.cn/
生殖医学,获提名医院,中山大学孙逸仙纪念医院,
生殖医学,获提名医院,深圳中山泌尿外科医院,
生殖医学,获提名医院,广西壮族自治区生殖医院（广西壮族自治区生殖健康研究中心）,
生殖医学,获提名医院,广东省妇幼保健院,
生殖医学,获提名医院,北京大学深圳医院,
生殖医学,获提名医院,海南省妇女儿童医学中心,
变态反应,1,广州医科大学附属第一医院,https://www.gyfyy.com/
变态反应,2,广州医科大学附属第二医院,
变态反应,3,中山大学附属第三医院,https://www.zssy.com.cn/
变态反应,4,中山大学附属第一医院,
变态反应,5,广西医科大学第一附属医院,https://www.gxmuyfy.cn/
变态反应,获提名医院,海南省人民医院,
变态反应,获提名医院,广东省人民医院,https://www.gdghospital.org.cn/
变态反应,获提名医院,南方医科大学南方医院,https://www.nfyy.com/
变态反应,获提名医院,华中科技大学协和深圳医院,
健康管理,1,深圳市人民医院,https://www.szhospital.com/
健康管理,2,南方医科大学南方医院,https://www.nfyy.com/
健康管理,3,海南医科大学第一附属医院,
健康管理,4,广西壮族自治区人民医院,
健康管理,5,广东省第二人民医院（广东省应急医院）,
健康管理,获提名医院,广东省人民医院,https://www.gdghospital.org.cn/
健康管理,获提名医院,中国人民解放军南部战区总医院,
健康管理,获提名医院,中山大学附属第一医院,
健康管理,获提名医院,广西医科大学第一附属医院,https://www.gxmuyfy.cn/
健康管理,获提名医院,海南省肿瘤医院,https://www.hnszlyy.com/
健康管理,获提名医院,中山大学孙逸仙纪念医院,
健康管理,获提名医院,佛山市第一人民医院,https://www.fsyyy.com/
健康管理,获提名医院,海南省人民医院,
健康管理,获提名医院,北京大学深圳医院,
健康管理,获提名医院,桂林医学院附属医院,https://www.glmc.edu.cn/
健康管理,获提名医院,广州医科大学附属第一医院,https://www.gyfyy.com/
健康管理,获提名医院,海口市人民医院,https://www.hkrmyy.com/
健康管理,获提名医院,深圳大学总医院,
健康管理,获提名医院,广州中医药大学第一附属医院,https://www.gzucm.edu.cn/
结核病,1,深圳市第三人民医院（南方科技大学第二附属医院）,
结核病,2,广州市胸科医院,
结核病,3,广西壮族自治区胸科医院,
结核病,3,南宁市第四人民医院,
结核病,5,海南省人民医院,
结核病,获提名医院,海南医科大学第二附属医院,
结核病,获提名医院,广西医科大学第一附属医院,https://www.gxmuyfy.cn/
结核病,获提名医院,广东省结核病控制中心,
结核病,获提名医院,佛山市第四人民医院,
结核病,获提名医院,中山大学附属第五医院,
结核病,获提名医院,中山大学附属第一医院,
结核病,获提名医院,南方医科大学南方医院,https://www.nfyy.com/
结核病,获提名医院,深圳市慢性病防治中心,
结核病,获提名医院,深圳市人民医院,https://www.szhospital.com/
结核病,获提名医院,海口市结核病防治所,https://www.hktb.com/
全科医学,1,海南医科大学第一附属医院,
全科医学,2,中山大学附属第一医院,
全科医学,3,广西医科大学第一附属医院,https://www.gxmuyfy.cn/
全科医学,4,南方医科大学南方医院,https://www.nfyy.com/
全科医学,5,广州医科大学附属第一医院,https://www.gyfyy.com/
全科医学,获提名医院,海南省人民医院,
全科医学,获提名医院,深圳市罗湖区人民医院（深圳大学第三附属医院）,https://www.szlhyy.com.cn/
全科医学,获提名医院,广东省人民医院,https://www.gdghospital.org.cn/
全科医学,获提名医院,南方医科大学珠江医院,https://www.zjyy.com.cn/
全科医学,获提名医院,香港大学深圳医院,
全科医学,获提名医院,海南医科大学第二附属医院,
全科医学,获提名医院,深圳市龙华区中心医院,
全科医学,获提名医院,广西医科大学第二附属医院,https://www.gxmuyfy.cn/
全科医学,获提名医院,南方医科大学第七附属医院,
全科医学,获提名医院,深圳市人民医院,https://www.szhospital.com/
全科医学,获提名医院,广西壮族自治区人民医院,
全科医学,获提名医院,广州市第一人民医院,
疼痛学,1,华中科技大学协和深圳医院,
疼痛学,2,广西医科大学第二附属医院,https://www.gxmuyfy.cn/
疼痛学,3,广州医科大学附属第二医院,
疼痛学,4,暨南大学附属第一医院（广州华侨医院）,https://www.jd120.com/
疼痛学,5,三亚中心医院（海南省第三人民医院）,
疼痛学,获提名医院,深圳市人民医院,https://www.szhospital.com/
疼痛学,获提名医院,佛山市第一人民医院,https://www.fsyyy.com/
疼痛学,获提名医院,深圳大学附属华南医院,
疼痛学,获提名医院,中山大学附属第一医院,
疼痛学,获提名医院,柳州市中医医院,https://www.lzzyy.com/
疼痛学,获提名医院,桂林医学院附属医院,https://www.glmc.edu.cn/
疼痛学,获提名医院,海南省人民医院,
疼痛学,获提名医院,海南医科大学第二附属医院,
疼痛学,获提名医院,广西医科大学第一附属医院,https://www.gxmuyfy.cn/
疼痛学,获提名医院,北京大学深圳医院,
疼痛学,获提名医院,海南医科大学第一附属医院,
疼痛学,获提名医院,中山市人民医院,
疼痛学,获提名医院,广西壮族自治区南溪山医院,https://www.gxnxs.com/
疼痛学,获提名医院,广州医科大学附属第三医院,https://www.gy3h.com/
疼痛学,获提名医院,海南省肿瘤医院,https://www.hnszlyy.com/
疼痛学,获提名医院,深圳平乐骨伤科医院,
运动医学,1,中山大学孙逸仙纪念医院,
运动医学,2,深圳市第二人民医院（深圳大学第一附属医院）,
运动医学,3,暨南大学附属第一医院（广州华侨医院）,https://www.jd120.com/
运动医学,4,佛山市中医院,https://www.fszyy.com/
运动医学,5,海南省人民医院,
运动医学,获提名医院,南方医科大学第三附属医院,
运动医学,获提名医院,广西医科大学第一附属医院,https://www.gxmuyfy.cn/
运动医学,获提名医院,中山大学附属第一医院,
运动医学,获提名医院,南方医科大学南方医院,https://www.nfyy.com/
运动医学,获提名医院,北京大学深圳医院,
运动医学,获提名医院,广东省人民医院,https://www.gdghospital.org.cn/
运动医学,获提名医院,广西国际壮医医院,
运动医学,获提名医院,中国人民解放军总医院海南医院,
运动医学,获提名医院,中山大学附属第三医院,https://www.zssy.com.cn/
罕见病,1,广州市妇女儿童医疗中心,
罕见病,2,中山大学附属第一医院,
罕见病,3,南方医科大学南方医院,https://www.nfyy.com/
罕见病,4,广西医科大学第一附属医院,https://www.gxmuyfy.cn/
罕见病,5,广州医科大学附属第一医院,https://www.gyfyy.com/
罕见病,获提名医院,广东省人民医院,https://www.gdghospital.org.cn/
罕见病,获提名医院,海南省人民医院,
罕见病,获提名医院,中山大学附属第三医院,https://www.zssy.com.cn/
罕见病,获提名医院,中山大学孙逸仙纪念医院,
罕见病,获提名医院,海口市人民医院,https://www.hkrmyy.com/
罕见病,获提名医院,广东医科大学附属医院,
罕见病,获提名医院,广州医科大学附属第三医院,https://www.gy3h.com/
罕见病,获提名医院,深圳市儿童医院,
罕见病,获提名医院,中山大学中山眼科中心,https://www.gzzoc.com/
罕见病,获提名医院,香港大学深圳医院 ,
